{
  "1": {
    "a": 6948,
    "b": 41,
    "c": 171,
    "result": "нет действительных корней"
  },
  "2": {
    "a": 3212,
    "b": 798,
    "c": 35,
    "result": [
      "(-0.056883823691052195+0j)",
      "(-0.19155951379338118+0j)"
    ]
  },
  "3": {
    "a": 13843,
    "b": 49,
    "c": 86423,
    "result": "нет действительных корней"
  },
  "4": {
    "a": 1177,
    "b": 7257,
    "c": 79341,
    "result": "нет действительных корней"
  },
  "5": {
    "a": 4413,
    "b": 714,
    "c": 62,
    "result": "нет действительных корней"
  },
  "6": {
    "a": 72,
    "b": 619,
    "c": 66647,
    "result": "нет действительных корней"
  },
  "7": {
    "a": 4,
    "b": 961,
    "c": 7921,
    "result": [
      "(-8.546482242324089+0j)",
      "(-231.7035177576759+0j)"
    ]
  },
  "8": {
    "a": 47,
    "b": 669,
    "c": 25416,
    "result": "нет действительных корней"
  },
  "9": {
    "a": 917,
    "b": 8,
    "c": 8242,
    "result": "нет действительных корней"
  },
  "10": {
    "a": 79,
    "b": 8,
    "c": 199,
    "result": "нет действительных корней"
  },
  "11": {
    "a": 89,
    "b": 47315,
    "c": 22,
    "result": [
      "(-0.0004649692326372102+0j)",
      "(-531.6287485139135+0j)"
    ]
  },
  "12": {
    "a": 72897,
    "b": 28562,
    "c": 8624,
    "result": "нет действительных корней"
  },
  "13": {
    "a": 96,
    "b": 3,
    "c": 112,
    "result": "нет действительных корней"
  },
  "14": {
    "a": 598,
    "b": 396,
    "c": 8,
    "result": [
      "(-0.020859066116874644+0j)",
      "(-0.6413482917426572+0j)"
    ]
  },
  "15": {
    "a": 122,
    "b": 591,
    "c": 5,
    "result": [
      "(-0.008475064058743686+0j)",
      "(-4.8357872310232235+0j)"
    ]
  },
  "16": {
    "a": 114,
    "b": 89594,
    "c": 47134,
    "result": [
      "(-0.5264369655353157+0j)",
      "(-785.3858437362192+0j)"
    ]
  },
  "17": {
    "a": 79411,
    "b": 86115,
    "c": 7762,
    "result": [
      "(-0.09921203917373993+0j)",
      "(-0.9852095145152956+0j)"
    ]
  },
  "18": {
    "a": 15397,
    "b": 41,
    "c": 952,
    "result": "нет действительных корней"
  },
  "19": {
    "a": 112,
    "b": 52763,
    "c": 594,
    "result": [
      "(-0.011258158094993373+0j)",
      "(-471.0869561276193+0j)"
    ]
  },
  "20": {
    "a": 2896,
    "b": 868,
    "c": 6,
    "result": [
      "(-0.0070796687451992035+0j)",
      "(-0.29264408816087817+0j)"
    ]
  },
  "21": {
    "a": 245,
    "b": 56774,
    "c": 7442,
    "result": [
      "(-0.13115536026154437+0j)",
      "(-231.59945688463642+0j)"
    ]
  },
  "22": {
    "a": 17,
    "b": 4985,
    "c": 37189,
    "result": [
      "(-7.660293191632932+0j)",
      "(-285.5750009260141+0j)"
    ]
  },
  "23": {
    "a": 74,
    "b": 1822,
    "c": 76951,
    "result": "нет действительных корней"
  },
  "24": {
    "a": 6966,
    "b": 879,
    "c": 1,
    "result": [
      "(-0.0011481025709331378+0j)",
      "(-0.1250362212878093+0j)"
    ]
  },
  "25": {
    "a": 836,
    "b": 3785,
    "c": 2295,
    "result": [
      "(-0.7212334267699697+0j)",
      "(-3.806278534952518+0j)"
    ]
  },
  "26": {
    "a": 84846,
    "b": 59,
    "c": 7254,
    "result": "нет действительных корней"
  },
  "27": {
    "a": 873,
    "b": 766,
    "c": 2876,
    "result": "нет действительных корней"
  },
  "28": {
    "a": 1,
    "b": 327,
    "c": 27,
    "result": [
      "(-0.08258966682893742+0j)",
      "(-326.91741033317106+0j)"
    ]
  },
  "29": {
    "a": 48694,
    "b": 98345,
    "c": 95928,
    "result": "нет действительных корней"
  },
  "30": {
    "a": 4663,
    "b": 833,
    "c": 8413,
    "result": "нет действительных корней"
  },
  "31": {
    "a": 62,
    "b": 1352,
    "c": 1716,
    "result": [
      "(-1.3532041503696908+0j)",
      "(-20.453247462533536+0j)"
    ]
  },
  "32": {
    "a": 92992,
    "b": 226,
    "c": 514,
    "result": "нет действительных корней"
  },
  "33": {
    "a": 3,
    "b": 8,
    "c": 5632,
    "result": "нет действительных корней"
  },
  "34": {
    "a": 7874,
    "b": 26,
    "c": 19839,
    "result": "нет действительных корней"
  },
  "35": {
    "a": 3475,
    "b": 55,
    "c": 16394,
    "result": "нет действительных корней"
  },
  "36": {
    "a": 2,
    "b": 747,
    "c": 4946,
    "result": [
      "(-6.742882085179758+0j)",
      "(-366.75711791482024+0j)"
    ]
  },
  "37": {
    "a": 4277,
    "b": 17,
    "c": 1877,
    "result": "нет действительных корней"
  },
  "38": {
    "a": 58396,
    "b": 3856,
    "c": 6417,
    "result": "нет действительных корней"
  },
  "39": {
    "a": 285,
    "b": 32633,
    "c": 41787,
    "result": [
      "(-1.2951635728848232+0j)",
      "(-113.20659081308008+0j)"
    ]
  },
  "40": {
    "a": 3182,
    "b": 27353,
    "c": 2,
    "result": [
      "(-7.311874427263391e-05+0j)",
      "(-8.596092814630962+0j)"
    ]
  },
  "41": {
    "a": 43345,
    "b": 99,
    "c": 2888,
    "result": "нет действительных корней"
  },
  "42": {
    "a": 3,
    "b": 36,
    "c": 2426,
    "result": "нет действительных корней"
  },
  "43": {
    "a": 279,
    "b": 58,
    "c": 86573,
    "result": "нет действительных корней"
  },
  "44": {
    "a": 3298,
    "b": 765,
    "c": 849,
    "result": "нет действительных корней"
  },
  "45": {
    "a": 966,
    "b": 353,
    "c": 11736,
    "result": "нет действительных корней"
  },
  "46": {
    "a": 5329,
    "b": 3851,
    "c": 5,
    "result": [
      "(-0.0013007052151879637+0j)",
      "(-0.7213489476277469+0j)"
    ]
  },
  "47": {
    "a": 3753,
    "b": 15672,
    "c": 95,
    "result": [
      "(-0.006070591235870247+0j)",
      "(-4.16978872131409+0j)"
    ]
  },
  "48": {
    "a": 768,
    "b": 384,
    "c": 6885,
    "result": "нет действительных корней"
  },
  "49": {
    "a": 5,
    "b": 5255,
    "c": 24836,
    "result": [
      "(-4.747611623335888+0j)",
      "(-1046.252388376664+0j)"
    ]
  },
  "50": {
    "a": 3476,
    "b": 627,
    "c": 6,
    "result": [
      "(-0.01013931884239023+0j)",
      "(-0.1702404279930528+0j)"
    ]
  },
  "51": {
    "a": 573,
    "b": 32534,
    "c": 818,
    "result": [
      "(-0.025154071209874295+0j)",
      "(-56.753205440133925+0j)"
    ]
  },
  "52": {
    "a": 81167,
    "b": 25,
    "c": 49138,
    "result": "нет действительных корней"
  },
  "53": {
    "a": 616,
    "b": 5,
    "c": 11,
    "result": "нет действительных корней"
  },
  "54": {
    "a": 5,
    "b": 87829,
    "c": 17287,
    "result": [
      "(-0.19682785533223068+0j)",
      "(-17565.603172144667+0j)"
    ]
  },
  "55": {
    "a": 9746,
    "b": 7455,
    "c": 35,
    "result": [
      "(-0.004724009975838239+0j)",
      "(-0.7602051917479459+0j)"
    ]
  },
  "56": {
    "a": 94855,
    "b": 74,
    "c": 9,
    "result": "нет действительных корней"
  },
  "57": {
    "a": 27,
    "b": 19713,
    "c": 37545,
    "result": [
      "(-1.9095751476488658+0j)",
      "(-728.2015359634622+0j)"
    ]
  },
  "58": {
    "a": 7,
    "b": 78,
    "c": 73,
    "result": [
      "(-1.0313575479797987+0j)",
      "(-10.111499594877344+0j)"
    ]
  },
  "59": {
    "a": 6279,
    "b": 2473,
    "c": 856,
    "result": "нет действительных корней"
  },
  "60": {
    "a": 4,
    "b": 2,
    "c": 5276,
    "result": "нет действительных корней"
  },
  "61": {
    "a": 58459,
    "b": 2962,
    "c": 8756,
    "result": "нет действительных корней"
  },
  "62": {
    "a": 57,
    "b": 1161,
    "c": 386,
    "result": [
      "(-0.33808366242865423+0j)",
      "(-20.030337390202924+0j)"
    ]
  },
  "63": {
    "a": 697,
    "b": 1,
    "c": 71685,
    "result": "нет действительных корней"
  },
  "64": {
    "a": 998,
    "b": 82182,
    "c": 82,
    "result": [
      "(-0.0009977974934704187+0j)",
      "(-82.34569558928008+0j)"
    ]
  },
  "65": {
    "a": 94615,
    "b": 92442,
    "c": 4,
    "result": [
      "(-4.327229144496305e-05+0j)",
      "(-0.9769899676810754+0j)"
    ]
  },
  "66": {
    "a": 42611,
    "b": 8,
    "c": 388,